time,theta_0_rad,theta_1_rad,omega_0_rad_per_s,omega_1_rad_per_s
0.0,0.3490658503988659,0.0,0.0,0.0
0.010000000000000002,0.3484127155783001,-1.459765303472915e-05,-0.13057151307618806,-0.0029251918735859915
0.02000000000000001,0.346456502568693,-5.873700023214273e-05,-0.26051803010291424,-0.005920577926004747
0.03000000000000002,0.34320640762799204,-0.00013350352648403712,-0.3892481511580097,-0.009064790540254504
0.04000000000000003,0.33867762350242225,-0.00024084222801095984,-0.5161520283689524,-0.012452734325665201
0.05000000000000004,0.3328915898455755,-0.0003837745993272328,-0.6405873398216382,-0.01620702185925396
0.060000000000000046,0.32587641434474585,-0.0005667506893798073,-0.7618586040947621,-0.020493885583513293
0.07000000000000005,0.31766755027015836,-0.0007961911794673221,-0.8791858175934435,-0.02554558227481374
0.08000000000000006,0.30830886053138296,-0.0010812903497581694,-0.9916578365730764,-0.031689946310975804
0.09000000000000007,0.29785422993455263,-0.001435125613878284,-1.0981704358707165,-0.039379238625914005
0.10000000000000007,0.28636978083259107,-0.0018758974053651241,-1.1973779717479103,-0.04917327499842874
0.11000000000000008,0.2739359482277523,-0.0024270946022671297,-1.2878212523984602,-0.061483210853035014
0.12000000000000009,0.26064486604732623,-0.0031111800145335435,-1.3689598151969167,-0.07530205395997372
0.1300000000000001,0.24657227695664946,-0.003914899574551193,-1.4461498000548285,-0.08291347798402614
0.1400000000000001,0.23163716185418842,-0.0046415722463591675,-1.5516939230707778,-0.049370732947274315
0.1500000000000001,0.21502774525797236,-0.0043655741587902116,-1.8171800834716763,0.14999644837288606
0.16000000000000011,0.1946148407960375,-0.0011539596909963677,-2.1814139470805984,0.3950627044944939
0.17000000000000012,0.17429263810314502,0.0007912522169659637,-1.8784346330608053,0.005144451727924708
0.18000000000000013,0.15594146386190263,0.00016764569374545855,-1.8342140506330467,-0.0871920424833192
0.19000000000000014,0.13721727542178022,-0.0005680707452850101,-1.9156308207417605,-0.0549796951670231
0.20000000000000015,0.11764059215812304,-0.0009347123075158928,-1.9966781387993613,-0.020547727097109468
0.21000000000000016,0.09735017028834703,-0.0010245428550199837,-2.058264916085218,0.0006303461085202975
0.22000000000000017,0.07653082651214056,-0.0009523411489839181,-2.1031672742319274,0.012687994556335163
0.23000000000000018,0.05533037927406342,-0.0007874812818382898,-2.134948837069715,0.01967373444600692
0.24000000000000019,0.03386853176309298,-0.0005680279094479663,-2.1556936528134436,0.023875760676495137
0.25000000000000017,0.012249598325725182,-0.0003152138111931673,-2.166494756220469,0.026485599010736417
0.2600000000000002,-0.009430187421133223,-4.150977129717115e-05,-2.167935461246331,0.028128269784297392
0.2700000000000002,-0.03107905382552917,0.00024527237420225023,-2.1603556530883528,0.029142507288846417
0.2800000000000002,-0.05260800553915142,0.0005398905898385722,-2.1439860899647547,0.02971930534692379
0.2900000000000002,-0.07393010694464341,0.0008385789306644452,-2.1190157336388937,0.02997084814081754
0.3000000000000002,-0.09496025449262144,0.0011384548695391452,-2.0856260329762857,0.029965789179106812
0.3100000000000002,-0.11561519968916989,0.0014371869861058181,-2.044008617452651,0.029747942159349613
0.32000000000000023,-0.1358137014346367,0.001732802795966482,-1.994374379694206,0.029346536972961274
0.33000000000000024,-0.15547674365066297,0.0020235746586629226,-1.9369579086478734,0.028782038102779517
0.34000000000000025,-0.17452778296239604,0.0023079506134391307,-1.8720193078566394,0.028069548341685277
0.35000000000000026,-0.19289300626461398,0.0025845118383471064,-1.7998444855180835,0.027220855773467056
0.36000000000000026,-0.2105015862027069,0.002851946305289244,-1.7207445227886855,0.026245695229820863
0.3700000000000003,-0.22728592727697014,0.0031090325154691204,-1.6350544755876153,0.02515254208409169
0.3800000000000003,-0.24318189808417218,0.003354629630324216,-1.5431318291329899,0.02394912031358314
0.3900000000000003,-0.2581290469847044,0.003587671721089772,-1.4453547478456015,0.022642731723424174
0.4000000000000003,-0.27207079966509795,0.0038071646968137734,-1.3421202180201959,0.021240470682081316
0.4100000000000003,-0.2849546378878107,0.004012184979649347,-1.2338421523240841,0.01974936399493756
0.4200000000000003,-0.2967322593098268,0.004201879312807111,-1.1209495061229071,0.018176460841089835
0.4300000000000003,-0.3073597186791499,0.004375465287538858,-1.0038844417882165,0.01652888876944626
0.44000000000000034,-0.3167975510238248,0.004532232305677513,-0.8831005663280544,0.014813886219795352
0.45000000000000034,-0.3250108776555556,0.004671542780167644,-0.7590612587354904,0.01303881854700528
0.46000000000000035,-0.3319694959346298,0.004792833433813825,-0.6322380957663085,0.011211182291030821
0.47000000000000036,-0.33764795379564677,0.004895616596120228,-0.5031093781402931,0.009338600981555803
0.48000000000000037,-0.3420256100234415,0.004979481425869549,-0.3721587532851883,0.007428814809053293
0.4900000000000004,-0.3450866812037688,0.005044095007015151,-0.23987392567351395,0.005489665858592257
0.5000000000000003,-0.3468202761618634,0.0050892032801647166,-0.10674544155024818,0.003529080179664585
0.5100000000000003,-0.34722041855221913,0.0051146317831713365,0.02673446855682248,0.0015550476860483999
0.5200000000000004,-0.3462860580834701,0.005120286183324713,0.16007300867954732,-0.0004243992987715455
0.5300000000000004,-0.3440210706620331,0.005106152591215531,0.29277791836015493,-0.002401208139213673
0.5400000000000004,-0.34043424752637125,0.005072297653191207,0.4243585771598069,-0.004367327961476516
0.5500000000000004,-0.3355392732296614,0.005018868425987617,0.5543271339354058,-0.006314731028435935
0.5600000000000004,-0.3293546921216068,0.004946092044139886,0.682199680928629,-0.008235432677602407
0.5700000000000004,-0.3219038627893315,0.00485427519872487,0.8074974906354317,-0.010121508958523094
0.5800000000000004,-0.3132148997516681,0.004743803455578941,0.9297483304685056,-0.011965110899471613
0.5900000000000004,-0.3033206015693336,0.004615140453316472,1.048487866426691,-0.013758474015236041
0.6000000000000004,-0.29225836444370257,0.004468827037589408,1.1632611623836429,-0.015493921188945724
0.6100000000000004,-0.28007008033699526,0.0043054804100469595,1.2736242762347014,-0.017163856342765325
0.6200000000000004,-0.26680201866435893,0.0041257934013446225,1.3791459480015447,-0.01876074523011145
0.6300000000000004,-0.25250469069138,0.0039305340218772685,1.4794093680376836,-0.020277078035162176
0.6400000000000005,-0.237232695927882,0.0037205455088195733,1.5740140055433154,-0.021705305926799506
0.6500000000000005,-0.22104455005180976,0.0034967471849443274,1.6625774683225079,-0.023037739741989922
0.6600000000000005,-0.20400249424221858,0.003260136592056206,1.744737353371698,-0.024266392654120592
0.6700000000000005,-0.18617228627477078,0.003011793590339612,1.8201530330917302,-0.025382738442893914
0.6800000000000005,-0.1676229743827885,0.0027528874761652304,1.8885073010870514,-0.02637734006184655
0.6900000000000005,-0.14842665579361905,0.0024846887541128846,1.9495077698666297,-0.027239274632915797
0.7000000000000005,-0.12865822316216902,0.0022085881616049894,2.0028878613278827,-0.027955231643544277
0.7100000000000005,-0.10839510411483169,0.001926127171560024,2.0484071426394235,-0.0285080737100272
0.7200000000000005,-0.08771700230310275,0.001639047019331875,2.085850601921527,-0.028874490272860952
0.7300000000000005,-0.06670565373797029,0.0013493683265363703,2.1150261640151524,-0.029021077046244213
0.7400000000000005,-0.045444621685403495,0.001059522616366161,2.135759181893682,-0.028897600329302196
0.7500000000000006,-0.024019170992679733,0.0007725744659247422,2.1478815216695697,-0.028425064601722932
0.7600000000000006,-0.002516296546714107,0.0004926071305491961,2.151210585981,-0.027473865299811204
0.7700000000000006,0.018974952151902404,0.00022541315021045298,2.145508899750871,-0.02582240137070098
0.7800000000000006,0.04036257127907929,-2.022665820202697e-05,2.130405047058806,-0.02307610332565608
0.7900000000000006,0.06154956926796261,-0.00023009679731017714,2.105237205290917,-0.018505359223644824
0.8000000000000006,0.08242970515878224,-0.00037976398832801614,2.0687499464742376,-0.01072352950340901
0.8100000000000006,0.10287916571522823,-0.00042535935898650436,2.0185871889481444,0.002885647820587461
0.8200000000000006,0.12274342651763602,-0.0002882336288768104,1.9510377747966334,0.026651895865371998
0.8300000000000006,0.1418363585401415,0.000152528597373758,1.8651772079738695,0.06320284874579249
0.8400000000000006,0.16007499666400551,0.0009429210867640589,1.7917154576419732,0.08594932927815127
0.8500000000000006,0.17820791955326581,0.0013385996123744385,1.8864557079314128,-0.059656294155864056
0.8600000000000007,0.1986787944323734,-0.0012972386869750325,2.1427517412955663,-0.41970337396343455
0.8700000000000007,0.2181062554330586,-0.004115397142839233,1.7178063818867608,-0.10429998710054122
0.8800000000000007,0.23393732549640903,-0.004144944033434067,1.4876390103344945,0.05945677048296383
0.8900000000000007,0.24827017475106886,-0.003369626650435001,1.3875056899160065,0.08486581301288312
0.9000000000000007,0.26175297668342606,-0.0025539900220527974,1.3093716135040825,0.07612586545348567
0.9100000000000007,0.2744412910756131,-0.0018625659280100367,1.2269236915927437,0.062141626473955255
0.9200000000000007,0.28626174936780147,-0.001305940959786905,1.1356933811464918,0.04956947648216135
0.9300000000000007,0.29712757125902767,-0.0008632258629524612,1.0362050546755828,0.03934983195215476
0.9400000000000007,0.3069628778834965,-0.0005122396537797534,0.929820042766033,0.03113885323029856
0.9500000000000007,0.3157052835417303,-0.00023545074452650317,0.817821018292297,0.024430733140675395
0.9600000000000007,0.32330418069643146,-2.0035229682314902e-05,0.701280865976451,0.018803292299504063
0.9700000000000008,0.3297187693576941,0.00014316282083746238,0.5810972402340269,0.01394305879107479
0.9800000000000008,0.3349165737652914,0.00026062093901110995,0.4580454648030551,0.009623338804366771
0.9900000000000008,0.3388724400200918,0.00033687518959546345,0.33282042729239414,0.005678633598729991
1.0000000000000007,0.34156788695098156,0.00037502507316255926,0.20606575875158692,0.001984207612326381
1.0099999999999996,0.34299069917652325,0.0003770618067030409,0.07839371863556453,-0.0015590087359931737
1.0199999999999985,0.3431346871556438,0.00034406600028496657,-0.04960078583408396,-0.005035722339791867
1.0299999999999974,0.34199956942527926,0.00027630454585820017,-0.1773294006175271,-0.008525379147631094
1.0399999999999963,0.33959095542534073,0.0001732416615055413,-0.30420069583329634,-0.012110447815699801
1.0499999999999952,0.3359204263184618,3.346587931548319e-05,-0.42960989398758664,-0.015885159731901063
1.059999999999994,0.33100572969201375,-0.00014547815753459989,-0.5529260105529987,-0.01996604464533953
1.069999999999993,0.32487112567766935,-0.0003673785670456331,-0.673473962652522,-0.024505805308020632
1.0799999999999919,0.31754795024077925,-0.0006378075328718212,-0.7905084215969845,-0.029712187382496088
1.0899999999999908,0.3090754967906008,-0.0009647904438110755,-0.9031757247836169,-0.03587258241905723
1.0999999999999897,0.29950234592198294,-0.0013597350642208562,-1.0104628249901944,-0.04337963044698324
1.1099999999999886,0.288888219275351,-0.0018385265706246361,-1.111149498824523,-0.052730218853959905
1.1199999999999875,0.2773059763043589,-0.002422075833227212,-1.20385672753502,-0.06438316020268409
1.1299999999999863,0.26484123898706485,-0.003133186644732227,-1.2875940442698295,-0.07803736123350945
1.1399999999999852,0.2515783716084457,-0.003977524278427173,-1.3644201409289,-0.08970086311591423
1.1499999999999841,0.23752719181345547,-0.004863047300910767,-1.450476545357116,-0.08060438329618426
1.159999999999983,0.22231539173147863,-0.005295054455210897,-1.6180490235409266,0.021691876172773343
1.169999999999982,0.20424531096662285,-0.0035595943373055872,-2.0406202595245793,0.3595057813664262
1.1799999999999808,0.18325884594955677,-5.7740556923855746e-05,-1.9881072675361207,0.1824733797947932
1.1899999999999797,0.16471506542442826,0.00013130836116676494,-1.7840564425013652,-0.07650964987101383
1.1999999999999786,0.14674184204015603,-0.0007395245368528501,-1.8291998781048955,-0.07946900931908786
1.2099999999999775,0.1280093502551925,-0.0013373083684422094,-1.916598817830562,-0.0403629146154653
1.2199999999999764,0.10846418381251158,-0.0015856142555293398,-1.9891019257264866,-0.011612066504577544
1.2299999999999753,0.08828979472542349,-0.001609014703750895,-2.042988954233689,0.00538273807368026
1.2399999999999742,0.06765357065113996,-0.0015014299030923735,-2.0820743263627954,0.015269958398069437
1.2499999999999731,0.04668797848369511,-0.0013165476800466411,-2.1092149304535814,0.021228814322025582
1.259999999999972,0.025503758694570243,-0.001084117982113949,-2.125985787907795,0.024982286399039606
1.269999999999971,0.004200013545526458,-0.0008211940394075044,-2.1332196788004554,0.0274348679320257
1.2799999999999698,-0.01713039825604356,-0.0005381207821201873,-2.1313770721510035,0.02907058121323155
1.2899999999999687,-0.038398228621737605,-0.00024159978449593138,-2.1207423047732057,0.030157472754493198
1.2999999999999676,-0.05951663177068899,6.371983577848656e-05,-2.101522982498795,0.030849736204422416
1.3099999999999665,-0.0804006778709391,0.000374390458935358,-2.073900588043618,0.031239537217626602
1.3199999999999654,-0.10096723678280994,0.0006876953503836748,-2.038056650085617,0.03138411794681643
1.3299999999999643,-0.12113505409856455,0.0010013799871101494,-1.9941863829863216,0.03132046050216841
1.3399999999999632,-0.14082492694951948,0.0013134943068854384,-1.942505675872755,0.03107349020000644
1.3499999999999621,-0.15995992960757752,0.0016222979180843243,-1.8832544113238538,0.030660811960067185
1.359999999999961,-0.17846566080565673,0.001926202153297422,-1.816697677578366,0.030095525402013355
1.36999999999996,-0.19627049639340471,0.00222373428969336,-1.7431257280307184,0.029387942202874218
1.3799999999999588,-0.21330583745313453,0.0025135154394368407,-1.6628531750796776,0.028546658100210655
1.3899999999999577,-0.22950634779538,0.0027942470531120375,-1.576217709957259,0.027579235265191657
1.3999999999999566,-0.24481017707917688,0.0030647029475462623,-1.4835785323224688,0.026492643524940452
1.4099999999999555,-0.2591591673029507,0.0033237249255866036,-1.385314611437912,0.025293548820203588
1.4199999999999544,-0.2724990414282308,0.003570220751058603,-1.2818228633265512,0.023988502747309567
1.4299999999999533,-0.28477957361410405,0.0038031636702702417,-1.1735163042759902,0.022584066710696418
1.4399999999999522,-0.29595474105652086,0.00402159294052665,-1.0608222244782917,0.021086891989547888
1.449999999999951,-0.30598285780013756,0.004224614998671889,-0.9441804132641369,0.019503769520732413
1.45999999999995,-0.3148266911543061,0.004411405015451095,-0.8240414575830286,0.017841658509838744
1.469999999999949,-0.322453561519213,0.004581208656587131,-0.700865127173926,0.016107699998783365
1.4799999999999478,-0.3288354265263868,0.004733343922427783,-0.57511885278717,0.01430921959146584
1.4899999999999467,-0.33394895042976475,0.004867202973289113,-0.44727629763084253,0.012453722277431488
1.4999999999999456,-0.3377755596576717,0.004982253872562954,-0.31781601683099764,0.010548881458737806
1.5099999999999445,-0.340301485360303,0.005078042197741405,-0.18722019509585247,0.008602523729235893
1.5199999999999434,-0.3415177936695302,0.005154192483026832,-0.05597344897437222,0.006622610585498398
1.5299999999999423,-0.34142040423619124,0.005210409467687642,0.07543832287142754,0.004617218006185623
1.5399999999999412,-0.34001009743293176,0.00524647913286579,0.20652906007393323,0.002594514685164375
1.54999999999994,-0.3372925104168338,0.005262269516931173,0.33681365157134263,0.0005627396211260332
1.559999999999939,-0.33327812204439783,0.005257731306333349,0.4658090574820998,-0.001469820258995412
1.569999999999938,-0.32798222643093056,0.005232898205768883,0.5930354615383918,-0.003494851737550866
1.5799999999999368,-0.3214248947559436,0.005187887098909207,0.7180174723240839,-0.005504035414390516
1.5899999999999357,-0.31363092474459187,0.0051228980195404715,0.8402853892461447,-0.007489063341764889
1.5999999999999346,-0.3046297771109599,0.005038213963540787,0.9593765460183514,-0.00944165299754333
1.6099999999999335,-0.2944554981403015,0.004934200585734431,1.0748367404893449,-0.011353556037098285
1.6199999999999324,-0.2831466275219329,0.004811305843853982,1.1862217549401515,-0.01321655970806804
1.6299999999999313,-0.2707460905298395,0.004670059676882033,1.2930989655313623,-0.015022477979413784
1.6399999999999302,-0.2573010736915854,0.00451107384037506,1.3950490333842926,-0.016763128180532053
1.649999999999929,-0.2428628831956746,0.0043350420723041,1.4916676627486145,-0.018430287032259893
1.659999999999928,-0.22748678547239637,0.0041427408378269925,1.5825674036211719,-0.020015616994834427
1.6699999999999269,-0.21123182965602755,0.003935031013584027,1.6673794665727448,-0.02151054921942717
1.6799999999999258,-0.19416065201627983,0.0037128610433236537,1.7457555055100271,-0.02290610198908811
1.6899999999999247,-0.17633926296586086,0.0034772723630059014,1.8173693079624351,-0.0241926015071402
1.6999999999999236,-0.15783681796403953,0.0032294083161282456,1.8819183091234934,-0.025359251949922338
1.7099999999999225,-0.1387253746412252,0.0029705284646817354,1.939124809537369,-0.02639346792167733
1.7199999999999214,-0.11907963994475455,0.0027020313352977775,1.9887367162422587,-0.02727982389085385
1.7299999999999203,-0.09897671337999321,0.002425490564054012,2.030527522898062,-0.027998371120593363
1.7399999999999192,-0.07849583611225,0.00214271275119022,2.0642950561530067,-0.02852188269783024
1.749999999999918,-0.05771816199402025,0.0018558313233384886,2.089858164012801,-0.028811230844854208
1.759999999999917,-0.03672657783269669,0.001567461719615798,2.1070498455499873,-0.02880741195411361
1.7699999999999159,-0.01560562114513504,0.001280964121465812,2.115703982550763,-0.028417364287808944
1.7799999999999148,0.005558415995052116,0.0010009008258568322,2.1156301193667892,-0.027487921155708122
1.7899999999999137,0.026677028289646448,0.0007338575789181113,2.1065651529409224,-0.02575639894432599
1.7999999999999126,0.04765835329098132,0.0004899668029849456,2.0880794284076547,-0.02275414293721313
1.8099999999999115,0.06840469007966571,0.0002858147775604765,2.059393517953602,-0.01761547013865527
1.8199999999999104,0.08880745482243824,0.0001500633314814625,2.0190365132072303,-0.008709833117487121
1.8299999999999093,0.10873780892682179,0.00013391299717169084,1.964346814052699,0.006946836778192417
1.8399999999999082,0.12803414531689755,0.0003264599560202116,1.8916817389726528,0.033783538475840626
1.849999999999907,0.14651545486005096,0.0008496495043042631,1.8033609009306832,0.07159461452549204
1.859999999999906,0.1641871343036042,0.0016719415778072737,1.7455755409091163,0.07864418284294643
1.8699999999999048,0.1821262864505539,0.0017197445450922084,1.9007994194189477,-0.13057090881729258
1.8799999999999037,0.20257115566110787,-0.0015391880412062766,2.0617549294600264,-0.409708085959062
1.8899999999999026,0.22089504551773873,-0.0038975801927515316,1.621419186515498,-0.06719246078840883
1.8999999999999015,0.23594411809469326,-0.0037343705264496255,1.4205559485714347,0.06715199254368269
1.9099999999999004,0.24963747808374584,-0.002921204072762428,1.324991472718084,0.08652553218836523
1.9199999999998993,0.262495467751279,-0.0020939691597383907,1.2467464234251087,0.07706616474590149
1.9299999999998982,0.27455606019426104,-0.0013936166227647927,1.1640795210823074,0.06297994546232707
1.9399999999998971,0.28574909277383426,-0.0008297560833776606,1.0731358660437749,0.05014328897345518
1.949999999999896,0.2959926532976415,-0.0003833906664895257,0.9743732091988591,0.039483478812485345
1.959999999999895,0.30521467715154155,-3.3705942208376394e-05,0.8690432943690675,0.030734107782875355
1.9699999999998938,0.3133556978625204,0.00023615111148841774,0.7583606382447527,0.023445186048968794
1.9799999999998927,0.3203675242116754,0.0004387482266330714,0.6433630015122747,0.017224622336557478
1.9899999999998916,0.32621152397195735,0.000583197287257283,0.5249314644621547,0.011772780331483228
1.9999999999998905,0.33085727615992666,0.0006760203664038615,0.4038342465913412,0.006867754992951923
2.0099999999998897,0.33428163721179605,0.0007218185870969297,0.280763933948138,0.0023438299380898796
2.0199999999998886,0.33646812782326047,0.0007237381094420964,0.15636455753507114,-0.0019269841088746572
2.0299999999998875,0.3374065487036991,0.0006837726495944823,0.03125078691552216,-0.006049276499409955
2.0399999999998863,0.337092760875318,0.0006029392304827522,-0.09397790915111763,-0.010115488490766262
2.0499999999998852,0.3355285926892604,0.00048135105259192423,-0.21872571611076708,-0.014215464241111848
2.059999999999884,0.332721857808394,0.0003181978210580927,-0.34238950532912965,-0.018445624067217305
2.069999999999883,0.328686488025184,0.00011163083002745447,-0.4643465022945519,-0.022919060140811524
2.079999999999882,0.32344280508366124,-0.00014146319677149893,-0.5839384210153462,-0.02777792623629208
2.089999999999881,0.31701797964252515,-0.00044582951658985153,-0.7004494159670944,-0.03320951392235299
2.0999999999998797,0.30944675409946415,-0.0008083957599499989,-0.8130748879603993,-0.0394667480103447
2.1099999999998786,0.3007725307138981,-0.0012390407580180015,-0.92087979530234,-0.046890258580292686
2.1199999999998775,0.2910489012667191,-0.001751532988948479,-1.0227554781002417,-0.05591497793254408
2.1299999999998764,0.2803414323728823,-0.0023642149020982385,-1.1174283541241632,-0.06699272083764789
2.1399999999998753,0.26872831584077367,-0.003098601248952397,-1.2037448551970846,-0.08018060429259212
2.1499999999998742,0.25629373958275636,-0.00396902209629246,-1.2820940470637212,-0.0935081929353374
2.159999999999873,0.24308996877711123,-0.004938694513188128,-1.3601743718279886,-0.09700901613648627
2.169999999999872,0.2289781365281532,-0.00575579245153359,-1.4748791484130208,-0.05168403632650504
2.179999999999871,0.21303967370438887,-0.005401071186820514,-1.7611550309106223,0.16876341246993926
2.18999999999987,0.19318250849581528,-0.0020096088327873516,-2.11404329677305,0.4008397203261915
2.1999999999998687,0.1736032115070941,-6.389091173946035e-05,-1.801896863759316,0.0036117811972523166
2.2099999999998676,0.15605238264809354,-0.0007348399584017383,-1.750521211128376,-0.09521869050383537
2.2199999999998665,0.13818298291734354,-0.0015647928550106454,-1.829500365784858,-0.06472987707352398
2.2299999999998654,0.11945933409821965,-0.002019265160692276,-1.9125492855246395,-0.028111594820247936
2.2399999999998643,0.09999604704719804,-0.002171818584722037,-1.9769622398371076,-0.004427595865200707
2.249999999999863,0.0799763937468564,-0.0021401110402365377,-2.024487514972633,0.009544486951898879
2.259999999999862,0.05955050857459066,-0.00199937905412854,-2.0586973987162374,0.017920652920360436
2.269999999999861,0.038839239081930474,-0.0017919843655156479,-2.0818353284980016,0.023173463169123488
2.27999999999986,0.017946606383236342,-0.0015418412239070628,-2.095114158467616,0.02662718389509512
2.289999999999859,-0.0030323875152233077,-0.0012630546206618641,-2.099187297475352,0.02898660788626764
2.2999999999998577,-0.024007721624538073,-0.000964457023507521,-2.09443100031156,0.030636342112595354
2.3099999999998566,-0.04489240369498219,-0.0006519598987009207,-2.081091885201868,0.031793576188687354
2.3199999999998555,-0.06560159298456326,-0.00032979798925016903,-2.059362431909728,0.03258546584516342
2.3299999999998544,-0.08605227504775952,-1.2081152845205766e-06,-2.0294200070932806,0.03308917686033256
2.3399999999998533,-0.10616322370946411,0.00033118857138679655,-1.9914473124964016,0.03335325243917056
2.349999999999852,-0.12585511385377027,0.0006651649139787519,-1.9456431135283054,0.033409394755458566
2.359999999999851,-0.14505071257424443,0.0009987559190864537,-1.8922277002023744,0.03327917208637949
2.36999999999985,-0.1636751087423338,0.0013301787822147422,-1.831445382433621,0.03297795322233928
2.379999999999849,-0.18165595811763743,0.001657783723052231,-1.7635652522953398,0.032517279549860195
2.389999999999848,-0.19892373042322803,0.001980023611795658,-1.6888808999074307,0.03190633084673047
2.3999999999998467,-0.21541195009244235,0.0022954353263660208,-1.6077094827245286,0.031152850822049882
2.4099999999998456,-0.23105742553669747,0.002602628581775695,-1.5203903924025899,0.030263742282154643
2.4199999999998445,-0.24580046374837705,0.002900279598227803,-1.4272836760234728,0.029245455379227042
2.4299999999998434,-0.25958506834301764,0.003187127941169647,-1.3287683172661886,0.028104243311973937
2.4399999999998423,-0.2723591200311824,0.003461975454857191,-1.225240451539449,0.026846331284238245
2.449999999999841,-0.2840745391402149,0.0037236865768887294,-1.117111568345842,0.02547802752819895
2.45999999999984,-0.29468743026177663,0.0039711895533988935,-1.004806739504948,0.024005794868431813
2.469999999999839,-0.30415820942956073,0.004203478224872438,-0.8887629007538385,0.022436294902843185
2.479999999999838,-0.312451714460527,0.004419614151598821,-0.7694272052764073,0.020776412839951165
2.489999999999837,-0.31953729923970414,0.004618728914307217,-0.6472554601451533,0.019033268444537753
2.4999999999998357,-0.3253889128049492,0.004800026471035946,-0.5227106501099256,0.017214216860893777
2.5099999999998346,-0.329985164103193,0.004962785483062691,-0.3962615474594913,0.015326841974845238
2.5199999999998335,-0.33330937325164745,0.005106361545403958,-0.26838140174621655,0.01337894423939524
2.5299999999998324,-0.3353496100538527,0.005230189274018219,-0.13954669899243202,0.011378524397402476
2.5399999999998313,-0.33609872039901806,0.005333784214436793,-0.010235976607310664,0.009333764208401076
2.54999999999983,-0.3355543410218091,0.005416744546479251,0.11907132233719568,0.00725300507504838
2.559999999999829,-0.33371890292679224,0.005478752567963532,0.24789597356719983,0.005144725336410757
2.569999999999828,-0.33059962359562584,0.005519575947626971,0.3757600937894239,0.003017516931889236
2.579999999999827,-0.3262084879043933,0.005539068744429576,0.5021882796048875,0.0008800621319663545
2.5899999999998258,-0.3205622174918531,0.005537172197560015,0.6267087813255064,-0.001258888921235197
2.5999999999998247,-0.31368222814539554,0.005513915299376319,0.748854728179636,-0.003390539013242437
2.6099999999998236,-0.3055945746185032,0.005469415172858084,0.8681654188836995,-0.005506061963456052
2.6199999999998225,-0.2963298821695971,0.005403877286796054,0.9841876882580533,-0.007596616721610734
2.6299999999998214,-0.28592326402501556,0.005317595557105437,1.0964773565125598,-0.00965335571050997
2.6399999999998203,-0.2744142239259031,0.005210952403065641,1.204600763052018,-0.011667425033263444
2.649999999999819,-0.26184654292712195,0.00508441885555694,1.3081363811645181,-0.013629953208802361
2.659999999999818,-0.2482681496831804,0.004938554854429058,1.4066765037224285,-0.015532023659308497
2.669999999999817,-0.23373097358957565,0.004774009930108495,1.4998289829232272,-0.017364623974754544
2.679999999999816,-0.21829078035781643,0.004591524550059034,1.5872189988412733,-0.019118561576767775
2.6899999999998148,-0.20200698990280447,0.004391932539194337,1.6684908215780814,-0.020784330053598133
2.6999999999998137,-0.1849424768343746,0.0041761651800141675,1.7433095189994423,-0.022351901880377268
2.7099999999998126,-0.16716335440781677,0.003945257905055462,1.8113625444223131,-0.023810409295285925
2.7199999999998115,-0.1487387435659684,0.0037003609824729266,1.8723611124761947,-0.025147651923539273
2.7299999999998104,-0.12974052981360268,0.0034427563888470175,1.9260412299200933,-0.02634933037202417
2.7399999999998093,-0.11024311231316149,0.003173884381239447,1.97216417876831,-0.027397836586104146
2.749999999999808,-0.0903231521667501,0.0028953855226476217,2.010516127559637,-0.02827030983800686
2.759999999999807,-0.07005933108172495,0.0026091678274675037,2.0409063261443783,-0.028935444215388618
2.769999999999806,-0.04953213890779926,0.0023175157075884406,2.0631629267452616,-0.02934811421007002
2.779999999999805,-0.028823721639680413,0.002023270336829152,2.0771246795404936,-0.029440074150677845
2.7899999999998037,-0.008017845947352574,0.0017301356222550585,2.082625181359247,-0.029103375185037896
2.7999999999998026,0.01279991651785476,0.0014432119930172745,2.079463191332726,-0.028159861092910854
2.8099999999998015,0.03354158854523415,0.0011699564135030946,2.067346101488976,-0.02630333103600269
2.8199999999998004,0.05411538827654335,0.0009219621545060682,2.0457809673045073,-0.02298719290543473
2.8299999999997993,0.07442279191543323,0.0007183393290170639,2.0138657902084205,-0.017205185076897195
2.8399999999997982,0.09435274242494116,0.0005921523093696522,1.9699190565394369,-0.007086097075683723
2.849999999999797,0.11377151302841217,0.0006018787395007089,1.911037557573801,0.01066488937978763
2.859999999999796,0.13251218034983134,0.0008454846706025453,1.8339619532146578,0.040274844596264306
2.869999999999795,0.15040666892197574,0.0014383572347545308,1.7451959122474998,0.07774021522462422
2.879999999999794,0.1675657818562406,0.002253235966100235,1.706677240559875,0.0655949299494546
2.8899999999997927,0.18537217651459442,0.001902370615314069,1.914642242569841,-0.20077770996854405
2.8999999999997916,0.20559459308616473,-0.0017669487916786844,1.9679334108180313,-0.3812750477087451
2.9099999999997905,0.22294095725098834,-0.00374604396653472,1.5403116232190612,-0.04270878285155397
2.9199999999997894,0.23729750927872967,-0.0034566857583783425,1.3581968652951006,0.07244709066871527
2.9299999999997883,0.25038461980840937,-0.0026129148893348384,1.2650828867140227,0.0884609313036136
2.9399999999997872,0.26264317567894613,-0.001768114984349218,1.1867209625681205,0.07877600664388587
2.949999999999786,0.2741037650669394,-0.0010508260245834869,1.1041957761220693,0.06462147830025876
2.959999999999785,0.28470091722878654,-0.0004719272764231554,1.0139232043275366,0.051470283852041776
2.969999999999784,0.2943574562735188,-1.4671019193740871e-05,0.9162383205061981,0.0403125557890959
2.979999999999783,0.3030047770480871,0.00034039896016233804,0.8122798955137639,0.030972327327169615
2.9899999999997817,0.31058599536689546,0.0006095158129956722,0.7031985565599111,0.023055817139680843
2.9999999999997806,0.3170550435537127,0.0008050393481013917,0.5900011197040708,0.016199217084959597
3.0099999999997795,0.3223752014157766,0.0009360662986534673,0.47355533023076374,0.01011478144291101
3.0199999999997784,0.32651787563597373,0.0010091735598109087,0.3546248434520956,0.004583623163385739
3.0299999999997773,0.3294617291197515,0.001029020644077904,0.23390210082569965,-0.0005618256403675656
3.039999999999776,0.33119210132087534,0.0009987776355641791,0.11203356677253043,-0.005454405419043675
3.049999999999775,0.3317006465712739,0.000920401766381937,-0.010361549447080147,-0.010205895820736392
3.059999999999774,0.33098513663785806,0.0007947899533853312,-0.1326767814993259,-0.014918327889806455
3.069999999999773,0.3290493966861452,0.0006218252408974414,-0.2543058871452865,-0.01969409570801182
3.079999999999772,0.325903364956394,0.00040032295362458625,-0.3746302924849051,-0.024646111612137374
3.0899999999997707,0.32156328662965744,0.00012786983255225903,-0.4930044553336884,-0.029909264824295383
3.0999999999997696,0.3160520737836836,-0.0001994630563883435,-0.608736883165735,-0.035654392929676294
3.1099999999997685,0.3093998870580876,-0.0005875631170348733,-0.7210643887458253,-0.04210546419996697
3.1199999999997674,0.3016450155572662,-0.0010449019219580626,-0.829118209342393,-0.04955827473013716
3.1299999999997663,0.292835121440756,-0.0015833185400770083,-0.9318869385579425,-0.05839002264042924
3.139999999999765,0.2830287647156764,-0.002218705569824179,-1.0282071367366732,-0.069018384080713
3.149999999999764,0.272296437748356,-0.0029705157202924437,-1.116907703442448,-0.0816658734753477
3.159999999999763,0.26071773618026794,-0.0038561874618578992,-1.1975713779891963,-0.09544271552703693
3.169999999999762,0.24836194983674204,-0.004867124164099665,-1.273559879781434,-0.105117105642031
3.179999999999761,0.23520627392065044,-0.005881103688568431,-1.363140184486863,-0.09008952156393116
3.1899999999997597,0.22082876796792325,-0.006360910127560443,-1.5389354020795147,0.021808549545709356
3.1999999999997586,0.20351954904947234,-0.004590034888720549,-1.96720025543969,0.3663514677276451
3.2099999999997575,0.18316664294621876,-0.0009184737773836611,-1.9310536200066988,0.20473847208353305
3.2199999999997564,0.16528832626455808,-0.0006088175341162796,-1.7066028098957715,-0.0754900442224818
3.2299999999997553,0.1481615287660382,-0.0015373505032475652,-1.7400240367956632,-0.08935552547538926
3.239999999999754,0.13032621728239316,-0.002237110002054005,-1.8274980625905834,-0.049846165126033744
3.249999999999753,0.11165503371476644,-0.0025647244163416925,-1.9035553608891884,-0.017945153954126745
3.259999999999752,0.09231767613573559,-0.0026372787902690415,-1.9610599246885145,0.0017436178749994141
3.269999999999751,0.07248442775233328,-0.002556026644309348,-2.0033500023861968,0.013526157231924876
3.27999999999975,0.052291126871671104,-0.0023815658035395886,-2.0334601053589805,0.020814943799898636
3.2899999999997487,0.03184983941598258,-0.002148137933163201,-2.0531597105474764,0.02555170701296768
3.2999999999997476,0.011259402081964185,-0.0018755140774238874,-2.0634049200986464,0.028778568984743146
3.3099999999997465,-0.009388526534282854,-0.00157569490083792,-2.064723772498523,0.031059003085897024
3.3199999999997454,-0.030006387425902965,-0.001256430584881211,-2.0574338136107446,0.032706236282970966
3.3299999999997443,-0.05050924597431037,-0.0009230729666479538,-2.041755637760295,0.033900305207493514
3.339999999999743,-0.07081414831358614,-0.0005795736774920277,-2.017871712706332,0.03474829555181
3.349999999999742,-0.09083991056749176,-0.00022903844586080003,-1.9859572201119267,0.03531609919092986
3.359999999999741,-0.11050713625549016,0.00012595574391572435,-1.9461963941538785,0.035645674308522404
3.36999999999974,-0.1297383545007056,0.00048317423308788293,-1.8987911255605818,0.035764727362955405
3.3799999999997388,-0.14845822088182362,0.0008406126387698422,-1.8439652928291062,0.03569231222446138
3.3899999999997377,-0.1665937482592005,0.001196428381504051,-1.7819666441097985,0.03544216159866298
3.3999999999997366,-0.18407454853881433,0.001548898456703075,-1.7130672245750618,0.035024721337480046
3.4099999999997355,-0.20083307390692268,0.001896393407826001,-1.6375629139363679,0.034448421890406054
3.4199999999997344,-0.2168048504497982,0.002237361523520979,-1.5557724090035858,0.03372048922455224
3.4299999999997333,-0.2319286997280202,0.0025703196086718826,-1.4680358595440217,0.03284747082040839
3.439999999999732,-0.24614694556337008,0.002893848046653975,-1.3747132933641673,0.031835581265369804
3.449999999999731,-0.25940560442234356,0.0032065886926154713,-1.2761829234004853,0.030690931092241004
3.45999999999973,-0.2716545585627475,0.003507244643455426,-1.1728394024708328,0.02941967845602267
3.469999999999729,-0.28284771166986467,0.0037945812478074247,-1.0650920731369338,0.028028128778775353
3.4799999999997278,-0.2929431271144585,0.004067427922747605,-0.9533632470217126,0.026522798619768174
3.4899999999997267,-0.3019031492558631,0.0043246804766725565,-0.8380865378151119,0.02491045448360481
3.4999999999997256,-0.309694508413231,0.004565303725996446,-0.719705263946531,0.023198133754780085
3.5099999999997245,-0.3162884102518658,0.004788334253013295,-0.5986709298927031,0.021393152672168847
3.5199999999997234,-0.3216606103901954,0.004992883193445448,-0.47544178901768613,0.019503104768291053
3.5299999999997222,-0.3257914750348898,0.005178138971187834,-0.3504814855651828,0.017535852213046564
3.539999999999721,-0.32866602840456394,0.005343369918649775,-0.22425776889286633,0.015499511844631718
3.54999999999972,-0.3302739876138405,0.005487926736580886,-0.09724126925156953,0.013402437231477517
3.559999999999719,-0.3306097855668118,0.0056112447591517975,0.030095678611538397,0.011253197818678668
3.569999999999718,-0.3296725822598902,0.005712845999592388,0.15728017998164578,0.009060556026576553
3.5799999999997167,-0.32746626472667417,0.005792340959768457,0.28383991021583055,0.006833443060811448
3.5899999999997156,-0.3239994356799995,0.005849430194391434,0.40930424826814904,0.0045809341467884
3.5999999999997145,-0.3192853907270853,0.005883905627684311,0.5332054314381283,0.002312223910382044
3.6099999999997134,-0.3133420838609437,0.005895651627820961,0.6550797480170832,3.660269164653979e-05
3.6199999999997123,-0.30619208077317467,0.005884645852911464,0.7744687826338964,-0.0022365652922214973
3.6299999999997112,-0.2978624993978884,0.00585095989244825,0.8909207264466092,-0.0044978608067129415
3.63999999999971,-0.28838493699144885,0.005794759740917496,1.0039917609217375,-0.006737824030579741
3.649999999999709,-0.27779538298532613,0.005716306157064613,1.1132475198235385,-0.008946962620164523
3.659999999999708,-0.2661341168266066,0.005615954985044495,1.2182646292249417,-0.01111575074817968
3.669999999999707,-0.2534455900495177,0.0054941575453182675,1.31863231984802,-0.013234615376962792
3.6799999999997057,-0.23977829190885455,0.005351461248151196,1.4139540997864488,-0.01529390439437645
3.6899999999997046,-0.22518459806064628,0.00518851064786408,1.5038494684917934,-0.01728382874608335
3.6999999999997035,-0.2097206020075023,0.0050060492525586505,1.5879556444668677,-0.019194366830386018
3.7099999999997024,-0.19344592935157184,0.004804922549497,1.6659292687143266,-0.021015113329800553
3.7199999999997013,-0.17642353534227626,0.0045860829294950885,1.737448032353945,-0.022735044890812486
3.7299999999997,-0.15871948681189668,0.0043505975426651276,1.8022121576009138,-0.024342159124055733
3.739999999999699,-0.14040273043483822,0.0040996606744116,1.8599456322101908,-0.02582291684725386
3.749999999999698,-0.1215448504599316,0.0038346131369652687,1.9103970506756922,-0.027161372308243593
3.759999999999697,-0.10221982089238152,0.003556972680890397,1.9533398362726198,-0.028337797436597922
3.769999999999696,-0.08250375999096174,0.0032684820038918093,1.9885714786067623,-0.02932646574067084
3.7799999999996947,-0.062474699739129606,0.0029711854324824733,2.0159111676416988,-0.03009200428242481
3.7899999999996936,-0.04221239126330065,0.002667553428753139,2.0351947299241044,-0.030583238331402092
3.7999999999996925,-0.021798182181769137,0.002360688985071807,2.046264858534117,-0.03072251809991864
3.8099999999996914,-0.001315029929225968,0.0020546782814772325,2.048952828587828,-0.030386662546959438
3.8199999999996903,0.019152230891924964,0.0017552031853253827,2.0430442903350063,-0.029371903265749982
3.829999999999689,0.03951614311792298,0.0014706430640277377,2.028214545133102,-0.027327576598667705
3.839999999999688,0.05968497206905321,0.001214113090355988,2.0039050648657017,-0.023628280191282405
3.849999999999687,0.07955932647110234,0.001007307786763437,1.9690922830515625,-0.017128993093467697
3.859999999999686,0.09902570414844303,0.0008876802483251143,1.921901606926762,-0.005734693683684527
3.869999999999685,0.11794595842011121,0.0009205506826841411,1.8592732701827561,0.014078437201741022
3.8799999999996837,0.1361500634416667,0.001210604771709364,1.7786277985366963,0.04603863614116611
3.8899999999996826,0.15348946459372742,0.0018599228982972712,1.6911537093396662,0.08177946041257911
3.8999999999996815,0.17018556098270454,0.002638521296213504,1.6729862501283255,0.049359782681059505
3.9099999999996804,0.1878722249750909,0.0018933042179665506,1.9207446158578223,-0.2617782556201979
3.9199999999996793,0.20773901286312546,-0.002016930333394661,1.8796412906575115,-0.35229950428977475
3.929999999999678,0.22425889112286818,-0.0037237864157559568,1.471218286450261,-0.027143936832924185
3.939999999999677,0.23799627909782323,-0.003351287870538053,1.3002043501101628,0.07657472966310885
3.949999999999676,0.25051123346086374,-0.0024761859559454735,1.2080992236339267,0.0912321316633352
3.959999999999675,0.262199375326666,-0.0016027404932641974,1.129671290209047,0.0817533049589564
3.969999999999674,0.27309133604679714,-0.0008553997061091226,1.0476265269983431,0.06759195836161387
3.9799999999996727,0.28312761232011013,-0.00024827515137716997,0.9583955824716639,0.05409937581351704
3.9899999999996716,0.2922357560838552,0.0002326594802839274,0.8621390729070764,0.04239551819891527
3.9999999999996705,0.3003503636411693,0.0006053901498025321,0.759873936951529,0.032411456985277746
4.009999999999674,0.307416842826272,0.0008855070340365305,0.652687052304976,0.023813523118497354
4.019999999999677,0.31339097198781396,0.0010851566142739567,0.5415562103906961,0.016266527331056213
4.0299999999996805,0.3182376862822647,0.0012134118182536113,0.4273379657193014,0.009493831006955295
4.039999999999684,0.32192998453425536,0.0012768856223375575,0.31079348598059686,0.0032783945389228877
4.049999999999687,0.32444812103563353,0.001280264582198719,0.19261709243080852,-0.002550534110040781
4.0599999999996905,0.32577905930529505,0.001226697468303442,0.0734597568591383,-0.00813209137119024
4.069999999999694,0.3259161341426524,0.0011180447221751408,-0.04605251399161538,-0.013586822035473864
4.079999999999697,0.3248588790320743,0.0009550062832169067,-0.16530366190199358,-0.019028091727103402
4.0899999999997005,0.3226129952188885,0.0007371397502055799,-0.2836739268725034,-0.024572783276236868
4.099999999999704,0.3191904587362588,0.0004627705986573143,-0.4005255748810543,-0.030352375416749625
4.109999999999707,0.31460978169587417,0.0001287851953275988,-0.5151859722833307,-0.03652546572358358
4.119999999999711,0.30889646466053766,-0.0002697117350068679,-0.6269259760875199,-0.043292390184812554
4.129999999999714,0.30208369469045593,-0.0007398935265386083,-0.734932360987124,-0.05091093479136959
4.139999999999717,0.29421334124266035,-0.0012918470854282552,-0.838276983849584,-0.059706394733365094
4.149999999999721,0.2853372141684835,-0.0019391897757654493,-0.9359007942841888,-0.07005061311963004
4.159999999999724,0.27551815180478006,-0.00269901659215137,-1.0266845475394508,-0.08222563893578087
4.169999999999727,0.2648290624719365,-0.003588926671909102,-1.10985872177054,-0.09590144224717403
4.179999999999731,0.25334309919242864,-0.00461377564098176,-1.1866067263758213,-0.10836594618455939
4.189999999999734,0.2410914920668238,-0.0057184845511220155,-1.2657437239383922,-0.10873824800115069
4.199999999999737,0.22790846643636023,-0.0066301184937492775,-1.3834813416360907,-0.059083947361516134
4.209999999999741,0.21289613939422078,-0.006356595718236527,-1.664538363544813,0.15750012802936592
4.219999999999744,0.19393586826775686,-0.002983433475189972,-2.0541290350092565,0.43016474947537287
4.229999999999747,0.1748081521381339,-0.0006335712233556825,-1.747156977497414,0.03168649332450974
4.239999999999751,0.15798425414910425,-0.0012060454576623464,-1.6641039949158225,-0.09888064960955052
4.249999999999754,0.14103315225583704,-0.0021231341205928855,-1.7352676735416694,-0.07561461624196461
4.259999999999757,0.12324116836377104,-0.0026767992728817737,-1.8212093287868534,-0.03646199244042361
4.269999999999761,0.10466774243898302,-0.0028944472783512566,-1.8903247234731932,-0.009202389657313306
4.279999999999764,0.08549262280991354,-0.002896446774992528,-1.9421172891251721,0.007406526614742769
4.289999999999767,0.06587128946519569,-0.0027677088307713907,-1.9800960951648223,0.017540651314713357
4.299999999999771,0.04592827348953432,-0.00255779843923253,-2.006766209055314,0.023984219595316738
4.309999999999774,0.025768875519332088,-0.00229508213558032,-2.023542579905524,0.028287711981714488
4.319999999999777,0.005487793165562542,-0.0019963396046185538,-2.03119701521458,0.03129058839886416
4.329999999999781,-0.01482613707209099,-0.0016720465626644378,-2.0301680119521026,0.033454246891317145
4.339999999999784,-0.03508754858943201,-0.0013291705151624762,-2.020731171751055,0.03503969664562369
4.349999999999787,-0.055213410784208716,-0.0009726651337011805,-2.0030886110383035,0.0361994636130151
4.359999999999791,-0.07512255363359312,-0.0006062894495096296,-1.9774158860265785,0.03702565698693
4.369999999999794,-0.09473553963868024,-0.00023307012516981631,-1.9438869144043702,0.03757575454570546
4.379999999999797,-0.1139747209842488,0.00014443030345025472,-1.9026872986871397,0.03788685464983418
4.389999999999801,-0.1327643953470789,0.000523953914722923,-1.8540213511052408,0.03798379604929259
4.399999999999804,-0.15103101261223953,0.0009034506676186546,-1.798115577286138,0.03788392031014158
4.409999999999807,-0.1687034052160069,0.0012810189529954196,-1.7352200965376132,0.03759994150172569
4.419999999999811,-0.1857130259696177,0.0016548688711571196,-1.6656088190545355,0.037141718379675774
4.429999999999814,-0.20199418350863177,0.0020232996895173097,-1.5895788537516458,0.03651737298673894
4.439999999999817,-0.2174842692170499,0.0023846863314566317,-1.5074494324586794,0.0357340101350941
4.449999999999821,-0.23212397175779698,0.002737471717333876,-1.4195605310465969,0.03479818732253039
4.459999999999824,-0.24585747681532036,0.0030801629489357325,-1.3262713070375929,0.03371622505905667
4.4699999999998274,-0.258632650652026,0.0034113300399651195,-1.227958436249834,0.03249441293735717
4.479999999999831,-0.2704012067791432,0.003729606336821653,-1.1250144073286092,0.031139146183641792
4.489999999999834,-0.2811188555455124,0.004033690053711749,-1.0178458168216495,0.029657014923864147
4.4999999999998375,-0.29074543681232773,0.004322346526778015,-0.9068716955932555,0.028054860665142126
4.509999999999841,-0.29924503614175524,0.004594410910742333,-0.7925218880943596,0.02633980962048973
4.519999999999844,-0.30658608510319796,0.004848791121109878,-0.6752354983614169,0.024519289386293268
4.5299999999998475,-0.3127414464063143,0.005084470879231467,-0.5554594100994131,0.022601033455967937
4.539999999999851,-0.3176884846145573,0.005300512755233395,-0.43364688255815903,0.020593076720146878
4.549999999999854,-0.3214091231850415,0.005496061130599106,-0.3102562190224528,0.018503744217632012
4.5599999999998575,-0.32388988852731354,0.005670345021668632,-0.1857495005687245,0.01634163480870134
4.569999999999861,-0.3251219416822956,0.005822680719923744,-0.06059137429591792,0.01411560104639595
4.579999999999864,-0.3251010981006076,0.005952474216285606,0.06475211746367371,0.011834726260689227
4.5899999999998675,-0.32382783585420694,0.0060592233859111,0.1898146823834257,0.009508299706262803
4.599999999999871,-0.32130729245457884,0.006142519917971038,0.3141309144099943,0.007145790533371464
4.609999999999874,-0.3175492502825051,0.00620205098228516,0.43723743798851844,0.004756821310023875
4.6199999999998775,-0.3125681104667333,0.0062376006320452974,0.5586740767240688,0.002351141847786189
4.629999999999881,-0.3063828548896412,0.00624905094974068,0.67798506171607,-6.139583425729845e-05
4.639999999999884,-0.29901699585506014,0.006236382952436129,0.7947202927882848,-0.0024708604217127295
4.649999999999888,-0.2904985128343799,0.006199677283527624,0.9084366630784741,-0.0048672608668697505
4.659999999999891,-0.2808597756191905,0.00613911473206466,1.0186994539815073,-0.007240561009434829
4.669999999999894,-0.27013745315897925,0.006054976639176972,1.1250838032877621,-0.009580687121622142
4.679999999999898,-0.25837240735751343,0.005947645276260151,1.2271762445414371,-0.011877525435019607
4.689999999999901,-0.24560957114820492,0.005817604314637295,1.3245763101436185,-0.014120905497462827
4.699999999999904,-0.23189781027413056,0.005665439556432459,1.416898184458826,-0.016300563380876328
4.709999999999908,-0.21728976837104821,0.0054918401691596294,1.5037723859452607,-0.01840607596479582
4.719999999999911,-0.2018416952032889,0.005297600774377172,1.5848474486949273,-0.02042675317912698
4.729999999999914,-0.1856132582504062,0.005083624903523559,1.6597915629346331,-0.022351468242002313
4.739999999999918,-0.16866733831558806,0.004850930584245896,1.728294119521925,-0.024168394938915157
4.749999999999921,-0.15106981047402565,0.004600659212444119,1.7900670825847889,-0.02586460302082717
4.759999999999924,-0.1328893125863214,0.004334089491369751,1.8448460823239046,-0.0274254328268425
4.769999999999928,-0.11419700492121096,0.0040526592404169165,1.8923910676860962,-0.02883351916154193
4.779999999999931,-0.09506632643962906,0.003757999579319912,1.9324862695016145,-0.030067245411200313
4.789999999999934,-0.07557275649724647,0.003451988900867185,1.9649390672216795,-0.031098249840230796
4.799999999999938,-0.055793596079969365,0.0031368391336162524,1.9895770655068108,-0.031887314653195414
4.809999999999941,-0.03580779202599735,0.00281523593756664,2.006242149749093,-0.03237742057427849
4.819999999999944,-0.015695844586391238,0.0024905713482268063,2.0147792588097118,-0.03248169276440853
4.829999999999948,0.004460129747728459,0.0021673393712407815,2.0150155945117416,-0.03206187687785601
4.839999999999951,0.02457604769211438,0.0018518271544954517,2.0067219902179385,-0.03088879704496443
4.849999999999954,0.044564970785304955,0.0015533569993559106,1.98954034172909,-0.028567871986991695
4.859999999999958,0.06433520338639404,0.0012865753806652687,1.9628468427279484,-0.024396894954371542
4.869999999999961,0.08378650506559025,0.0010757287762899754,1.9255025590579613,-0.017099618845964046
4.879999999999964,0.10280309060320385,0.0009624724052376965,1.8754664001257801,-0.004384517483755582
4.889999999999968,0.12124308399862778,0.0010182466303741639,1.8096119543779827,0.017409990995063875
4.899999999999971,0.1389355574500957,0.0013521658570536245,1.7262555871931031,0.05128233774276855
4.909999999999974,0.15575544414330914,0.0020485092216745997,1.6412316027339806,0.08445443811822176
4.919999999999978,0.17202767930053306,0.002779598329518598,1.6420208640454426,0.03316929288256967
4.929999999999981,0.18956952605119448,0.001693095185750575,1.9161960566638072,-0.30895232749929913
4.939999999999984,0.2090283909530849,-0.002353974285153487,1.8049377317110984,-0.33083017910593765
4.949999999999988,0.2248673807021253,-0.0038875435719472806,1.4120589194423463,-0.01762470669464939
4.959999999999991,0.23805038990071656,-0.0034568931139566123,1.2465288759795585,0.08058441811266442
4.969999999999994,0.25002923908863145,-0.002541732101369494,1.1543517213897925,0.09551643928960446
4.979999999999998,0.26117912271481697,-0.0016218560632562174,1.0758958699972014,0.08668153068125789
4.990000000000001,0.27153658302744205,-0.0008242688207410116,0.994626289283696,0.07262254864371066
5.000000000000004,0.28104939366350157,-0.00016824798953236095,0.9067831396439702,0.05879242667994052
5.010000000000008,0.2896500236723841,0.0003568424123344498,0.8122986473489449,0.046505720458650035
5.020000000000011,0.29727614965205995,0.0007672408176690359,0.7120517778336207,0.03582260545679576
5.0300000000000145,0.30387525487731315,0.001077757901002891,0.6070606899953841,0.026477919803131415
5.040000000000018,0.3094047204065428,0.0013002441909011836,0.4982731528169812,0.018168234804338625
5.050000000000021,0.3138308926381354,0.0014436846373684236,0.3865351437066419,0.010628863218340643
5.0600000000000245,0.31712812860946066,0.0015146664992561943,0.2726066761966721,0.003644372155738343
5.070000000000028,0.31927805545093985,0.001517836149452106,0.1571856625471784,-0.0029599608437664753
5.080000000000031,0.32026906071083705,0.0014562443209979025,0.040929567694763226,-0.009330654855835372
5.0900000000000345,0.32009598085367436,0.00133156608204658,-0.07552653694023924,-0.01559829100339059
5.100000000000038,0.31875995655482986,0.001144202508418771,-0.19155440497197485,-0.021888944022753466
5.110000000000041,0.31626843835483176,0.0008932701168121108,-0.30651780904322445,-0.028335327884999505
5.1200000000000445,0.31263534419780564,0.0005764768801246206,-0.4197566642246064,-0.03508846449727139
5.130000000000048,0.30788138852199753,0.00018987633421189748,-0.530568323476224,-0.04233043483367565
5.140000000000051,0.30203461791385633,-0.00027250964552128247,-0.6381848946485137,-0.0502876013187316
5.1500000000000545,0.29513118955043,-0.0008191872533238838,-0.7417480654824529,-0.05923989641974109
5.160000000000058,0.2872163759879073,-0.0014617027523297446,-0.8402923650197335,-0.0695102118266713
5.170000000000061,0.2783455448769292,-0.0022147648536758,-0.9327788476131244,-0.08138336176649354
5.1800000000000646,0.2685840411970465,-0.003094643626320687,-1.0183199221768344,-0.09480095482382672
5.190000000000068,0.2580022277950793,-0.004111704890017904,-1.097047318923388,-0.10836831967067424
5.200000000000071,0.24665340383173434,-0.005244427182180529,-1.1730682455067223,-0.11625915944324379
5.210000000000075,0.23449460266790803,-0.006355835745849178,-1.264280364185496,-0.09855818339018593
5.220000000000078,0.2211158438921637,-0.006928517913815697,-1.4354125474580892,0.009095453661668522
5.230000000000081,0.20494757461742838,-0.005372984254969001,-1.8478204218429366,0.3431729031789916
5.240000000000085,0.18527092751715424,-0.0014078511936982262,-1.9075350761340493,0.27369839503244864
5.250000000000088,0.16782707681334386,-0.0006448937227754935,-1.637771519437467,-0.05710188508944623
5.260000000000091,0.15155035354005142,-0.0015497084128187637,-1.6445845358966495,-0.09714179414159428
5.270000000000095,0.13469290780992943,-0.002350450352614016,-1.7296955460192174,-0.0601284542785804
5.280000000000098,0.11697690049632867,-0.002763463914579224,-1.8107054270372311,-0.024513057318747318
5.290000000000101,0.09854016043671089,-0.002883180501839129,-1.873693972585039,-0.0013082101984674592
5.300000000000105,0.0795559633671424,-0.0028197387253994424,-1.9207968063628356,0.012838558292821036
5.310000000000108,0.06016633900262888,-0.0026441273721414388,-1.9552210740536802,0.021617990063920782
5.320000000000111,0.04048685062755338,-0.002397581265081662,-1.9790226630311287,0.027303467756422475
5.330000000000115,0.020617412458061198,-0.0021041135256791963,-1.993349838099779,0.03115411818926513
5.340000000000118,0.0006492880376618585,-0.0017782824219458142,-1.9988384206232013,0.033860041818965514
5.350000000000121,-0.019331148438827786,-0.0014294254736406551,-1.9958607244767794,0.03580692242368373
5.360000000000125,-0.03924052602918588,-0.0010639246745444634,-1.984661155589783,0.037216717848661596
5.370000000000128,-0.05899759467254396,-0.0006864363562538434,-1.9654279901283989,0.03822130938375721
5.380000000000131,-0.07852287447144628,-0.0003005761841867117,-1.9383315367329457,0.038901639998747795
5.390000000000135,-0.09773858903701875,9.068862294255042e-05,-1.9035446449583795,0.03930905605727855
5.400000000000138,-0.11656875183838639,0.00048480880610052084,-1.8612537518578185,0.03947728693200829
5.410000000000141,-0.13493933439152447,0.0008795145711226521,-1.8116647021773649,0.039429367311867365
5.420000000000145,-0.15277847637524758,0.001272730931622609,-1.7550055816606311,0.03918174915794816
5.430000000000148,-0.170016714501986,0.0016625254146491219,-1.6915277835543545,0.03874680747085347
5.440000000000151,-0.18658721623232433,0.0020470757027016835,-1.6215059966471024,0.03813440296812671
5.450000000000155,-0.2024260097393406,0.0024246498291287627,-1.545237518728132,0.03735287666160107
5.460000000000158,-0.21747220470996356,0.0027935944294161046,-1.4630411429074783,0.036409693849286655
5.470000000000161,-0.2316682005607212,0.00315232824319901,-1.3752557754621266,0.03531186675229397
5.480000000000165,-0.24495987994854976,0.0034993390778156274,-1.2822388916076684,0.03406623432347131
5.490000000000168,-0.2572967863481304,0.0038331830676717714,-1.1843649034013468,0.032679647963727146
5.500000000000171,-0.2686322850975499,0.0041524854542293755,-1.0820234930190171,0.03115909400167322
5.510000000000175,-0.2789237077697068,0.004455942360882788,-0.9756179500850423,0.029511772845039
5.520000000000178,-0.2881324800571618,0.004742323199310352,-0.865563540905533,0.027745147884994846
5.530000000000181,-0.2962242335923311,0.005010473451437245,-0.7522859288888707,0.025866972903305193
5.540000000000185,-0.3031689022812164,0.005259317643688695,-0.6362196583277223,0.023885303941275235
5.550000000000188,-0.30894080381946154,0.005487862380048688,-0.5178067076361289,0.021808499765651673
5.5600000000001915,-0.3135187070935072,0.005695199335350937,-0.39749511287036343,0.019645213860465378
5.570000000000195,-0.3168858861546094,0.005880508135225486,-0.27573765782030946,0.017404380068779774
5.580000000000198,-0.31903016139654655,0.00604305906748589,-0.1529906231118301,0.015095193468570751
5.5900000000002015,-0.3199439284759242,0.006182215583658784,-0.029712583615795422,0.012727087706420987
5.600000000000205,-0.319624175394219,0.006297436560327194,0.09363675896426649,0.01030970977665183
5.610000000000208,-0.3180724880203899,0.006388278299040703,0.21659772313467046,0.007852893087556857
5.6200000000002115,-0.3152950441795562,0.006454396251527493,0.33871179001329554,0.005366629579881879
5.630000000000215,-0.3113025962745564,0.00649554646445903,0.45952275697015244,0.002861041644859257
5.640000000000218,-0.30611044225086026,0.006511586745634071,0.5785779177679399,0.0003463546271673415
5.6500000000002215,-0.29973838456895213,0.00650247756174123,0.6954292830873327,-0.002167129203160324
5.660000000000225,-0.2922106767194209,0.006468282687491448,0.8096348532081011,-0.004669054153616375
5.670000000000228,-0.283555956711819,0.006409169637727093,0.9207599517941749,-0.007149030761200339
5.6800000000002315,-0.2738071668958243,0.00632540992926315,1.0283786262289651,-0.009596649862566524
5.690000000000235,-0.26300145943901715,0.006217379239338386,1.1320751157921056,-0.012001488749287909
5.700000000000238,-0.2511800867961344,0.006085557555062992,1.231445384167259,-0.014353106180249112
5.7100000000002415,-0.23838827656657607,0.0059305294467715455,1.3260987072894324,-0.016641021683975757
5.720000000000245,-0.22467509025747726,0.005752984653281892,1.4156593012688024,-0.018854672558615393
5.730000000000248,-0.21009326565782105,0.005553719247376316,1.4997679678166371,-0.02098333887556886
5.740000000000252,-0.19469904279746308,0.00533363776906769,1.5780837257529552,-0.023016021972608547
5.750000000000255,-0.17855197383306282,0.005093756894472779,1.6502853858716484,-0.02494125431130207
5.760000000000258,-0.16171471770292195,0.004835211485602683,1.7160730109985678,-0.02674680634660274
5.770000000000262,-0.1442528210796266,0.00455926430162055,1.7751691804766896,-0.028419236046152187
5.780000000000265,-0.12623448811943008,0.004267321348296486,1.827319943081703,-0.02994319329093256
5.790000000000268,-0.10773034293171169,0.003960955979194881,1.8722952845181542,-0.03130033442373394
5.800000000000272,-0.08881319087996326,0.0036419467595217177,1.9098888366152997,-0.032467602856903637
5.810000000000275,-0.0695577883461481,0.003312337344767648,1.9399163800145285,-0.033414454191276595
5.820000000000278,-0.05004063650759516,0.0029745323003949734,1.9622123726850997,-0.034098279392299626
5.830000000000282,-0.030339825023231386,0.002631452979393459,1.9766231394520706,-0.03445666957991945
5.840000000000285,-0.01053497026171041,0.0022867963601492913,1.9829942159626484,-0.03439399270976413
5.850000000000288,0.009292672356974894,0.0019454752631052363,1.9811471192254577,-0.03375744863198439
5.860000000000292,0.029059775728564413,0.0016143869760576843,1.9708364712068027,-0.03229319452656816
5.870000000000295,0.04867991398251966,0.0013037913838658058,1.9516700996767196,-0.029564163279061504
5.880000000000298,0.06806142704345174,0.0010298377445668622,1.9229605244566204,-0.02479495061395294
5.890000000000302,0.08710326615033423,0.0008192322720296396,1.8834619446975072,-0.016588467619621742
5.900000000000305,0.10568757275329381,0.0007175519226361859,1.8309954791474863,-0.0024875138884750472
5.910000000000308,0.12366945595482359,0.0008015397230203561,1.7624460860671058,0.021223814259812523
5.920000000000312,0.14087884502658543,0.0011827490231605714,1.67713591363991,0.05667908409050699
5.930000000000315,0.15721523140124002,0.0019258230119662458,1.5950788957990245,0.08706493128543856
5.940000000000318,0.17309174009827313,0.00261891070349117,1.6118110351349593,0.020033234570715697
5.950000000000322,0.19044682453586703,0.0012744318962802509,1.9023772492304394,-0.3418865003570289
5.960000000000325,0.20951050939938223,-0.0028584092932823417,1.7455522917898212,-0.3183017405114953
5.970000000000328,0.22479808085606057,-0.004294167257948424,1.3614506108319395,-0.011670318946295447
5.980000000000332,0.23748652430824194,-0.0038137191158726024,1.1972125890345642,0.08561565939122366
5.990000000000335,0.24896710369871944,-0.0028398725514963536,1.1040665361117556,0.1022428394373303
